gene,immune_cells,cor,p.value
SNHG5,Activated B cell,-0.193714978460741,0.000823220579811202
SNHG5,Activated CD4 T cell,0.0868270427592461,0.136079277305605
SNHG5,Activated CD8 T cell,-0.0968160764770934,0.0963894893917284
SNHG5,Activated dendritic cell,-0.0282675587760333,0.627930178321101
SNHG5,CD56bright natural killer cell,-0.0121151968609596,0.835474987728617
SNHG5,CD56dim natural killer cell,-0.0660031371895779,0.25747395559731
SNHG5,Central memory CD4 T cell,-0.181106530259073,0.00178253863501208
SNHG5,Central memory CD8 T cell,-0.0454832336188268,0.435395552863022
SNHG5,Effector memeory CD4 T cell,-0.187275873716552,0.0012287335671071
SNHG5,Effector memeory CD8 T cell,-0.109950628594696,0.058870892518702
SNHG5,Eosinophil,-0.166483432585127,0.0041158053829341
SNHG5,Gamma delta T cell,-0.0678812865253543,0.244156622747193
SNHG5,Immature  B cell,-0.135968480036277,0.0193318856020568
SNHG5,Immature dendritic cell,-0.0460907749043342,0.429283005502794
SNHG5,Macrophage,0.0417403536047604,0.474139104656209
SNHG5,Mast cell,-0.200780132983523,0.000522856813337228
SNHG5,MDSC,-0.0688807451519316,0.237269640548262
SNHG5,Memory B cell,-0.0735416464230023,0.20695987428895
SNHG5,Monocyte,-0.0859539045979724,0.140072811445751
SNHG5,Natural killer cell,-0.0438225590767964,0.452356705494208
SNHG5,Natural killer T cell,-0.111386887658074,0.0556264721762983
SNHG5,Neutrophil,-0.0279496754073025,0.631803131475248
SNHG5,Plasmacytoid dendritic cell,0.00660197948333541,0.909895378070683
SNHG5,Regulatory T cell,-0.229123576581204,7.2470007157351e-05
SNHG5,T follicular helper cell,-0.141066644456475,0.0152060385479837
SNHG5,Type 1 T helper cell,-0.108935437748997,0.061257304616152
SNHG5,Type 17 T helper cell,0.0119472322862153,0.837724183458684
SNHG5,Type 2 T helper cell,-0.133044600841211,0.0221129712616809
LINC01270,Activated B cell,-0.142425167848897,0.0142462378214141
LINC01270,Activated CD4 T cell,-0.0518177653770874,0.374149556101353
LINC01270,Activated CD8 T cell,-0.176199928742302,0.00237701775303416
LINC01270,Activated dendritic cell,-0.0914384338113152,0.116424091480964
LINC01270,CD56bright natural killer cell,-0.113716181512792,0.0506809734040132
LINC01270,CD56dim natural killer cell,-0.132092338872,0.0230906253401596
LINC01270,Central memory CD4 T cell,-0.141685290837833,0.0147621459505299
LINC01270,Central memory CD8 T cell,-0.152625661100237,0.00858721003553574
LINC01270,Effector memeory CD4 T cell,-0.173958550229737,0.00270458536950997
LINC01270,Effector memeory CD8 T cell,-0.125059574212117,0.0315376406979908
LINC01270,Eosinophil,-0.230334032028947,6.62311816955835e-05
LINC01270,Gamma delta T cell,-0.222271269728897,0.000119581482748206
LINC01270,Immature  B cell,-0.118770388261914,0.041202492583155
LINC01270,Immature dendritic cell,-0.131674972352938,0.0235307706929985
LINC01270,Macrophage,-0.0982680677595932,0.0914800526836704
LINC01270,Mast cell,-0.219338136287289,0.000147501642287656
LINC01270,MDSC,-0.101963288403966,0.0798855064608279
LINC01270,Memory B cell,-0.194115224623699,0.000802647064548958
LINC01270,Monocyte,-0.0982143931296473,0.0916579019737165
LINC01270,Natural killer cell,-0.135619132229302,0.0196473051868422
LINC01270,Natural killer T cell,-0.170776014843811,0.00324046927583795
LINC01270,Neutrophil,-0.189559821763212,0.00106753503076196
LINC01270,Plasmacytoid dendritic cell,-0.0462582767667513,0.427606527233603
LINC01270,Regulatory T cell,-0.199944011808419,0.000552150250028545
LINC01270,T follicular helper cell,-0.158809348639857,0.00622733999997932
LINC01270,Type 1 T helper cell,-0.180341666782345,0.00186521005744483
LINC01270,Type 17 T helper cell,-0.0413086430035583,0.478726117310609
LINC01270,Type 2 T helper cell,-0.152085213102162,0.00882718932718368
CHKB-AS1,Activated B cell,0.00519116959794926,0.929093506039814
CHKB-AS1,Activated CD4 T cell,0.0586052925035976,0.314760051886364
CHKB-AS1,Activated CD8 T cell,-0.0210251854319651,0.718512430802064
CHKB-AS1,Activated dendritic cell,0.0778818880513796,0.181348354691962
CHKB-AS1,CD56bright natural killer cell,0.0660609762304677,0.257056489513895
CHKB-AS1,CD56dim natural killer cell,-0.0247527959392366,0.671298375078007
CHKB-AS1,Central memory CD4 T cell,-0.0633351379114091,0.277241552297377
CHKB-AS1,Central memory CD8 T cell,-0.0351499419296029,0.546714772637214
CHKB-AS1,Effector memeory CD4 T cell,-0.184742986437902,0.00143349024795823
CHKB-AS1,Effector memeory CD8 T cell,0.0407700458547916,0.484482509728699
CHKB-AS1,Eosinophil,-0.122262015482354,0.0355670836500134
CHKB-AS1,Gamma delta T cell,0.0198461944224656,0.7336817355125
CHKB-AS1,Immature  B cell,-0.0144329229074992,0.804583027565449
CHKB-AS1,Immature dendritic cell,-0.0148590809607759,0.798934372824391
CHKB-AS1,Macrophage,0.104045493876002,0.0738951283158721
CHKB-AS1,Mast cell,0.00326628631713377,0.955351352936671
CHKB-AS1,MDSC,0.0222897782219816,0.702363829043594
CHKB-AS1,Memory B cell,-0.0531910955639769,0.361607347419128
CHKB-AS1,Monocyte,0.0406839813619475,0.48540579620928
CHKB-AS1,Natural killer cell,0.0454656505503963,0.435573199863283
CHKB-AS1,Natural killer T cell,0.0199924115178352,0.731794679904754
CHKB-AS1,Neutrophil,-0.0406460389511237,0.485813137639068
CHKB-AS1,Plasmacytoid dendritic cell,0.137668022413785,0.0178594911328545
CHKB-AS1,Regulatory T cell,-0.0991000245237533,0.0887585624091974
CHKB-AS1,T follicular helper cell,0.0169732135833831,0.771072027661409
CHKB-AS1,Type 1 T helper cell,-0.0247083755558332,0.671853906716109
CHKB-AS1,Type 17 T helper cell,0.0459061526858137,0.431135237681321
CHKB-AS1,Type 2 T helper cell,-0.0737831822577585,0.205469222751403
NUTM2A-AS1,Activated B cell,-0.11653687585891,0.045188716751489
NUTM2A-AS1,Activated CD4 T cell,-0.129008361211751,0.0265177284917401
NUTM2A-AS1,Activated CD8 T cell,-0.263849211306838,4.5351745290242e-06
NUTM2A-AS1,Activated dendritic cell,-0.110110264347552,0.0585027261277658
NUTM2A-AS1,CD56bright natural killer cell,-0.149555102097475,0.0100318382519939
NUTM2A-AS1,CD56dim natural killer cell,-0.126454651878381,0.0296784512872318
NUTM2A-AS1,Central memory CD4 T cell,-0.172718481193057,0.00290298447037095
NUTM2A-AS1,Central memory CD8 T cell,-0.144276017157373,0.0130244554067793
NUTM2A-AS1,Effector memeory CD4 T cell,-0.258191164970826,7.31887560662164e-06
NUTM2A-AS1,Effector memeory CD8 T cell,-0.0852010716417496,0.143587674600648
NUTM2A-AS1,Eosinophil,-0.272592160727754,2.11945801173464e-06
NUTM2A-AS1,Gamma delta T cell,-0.199090770277211,0.000583607472966435
NUTM2A-AS1,Immature  B cell,-0.109435629774613,0.0600717129984303
NUTM2A-AS1,Immature dendritic cell,-0.183727795592202,0.00152401463483691
NUTM2A-AS1,Macrophage,-0.10003053901359,0.0857920718564961
NUTM2A-AS1,Mast cell,-0.236067963186607,4.29634388336345e-05
NUTM2A-AS1,MDSC,-0.132298708569895,0.0228756362867603
NUTM2A-AS1,Memory B cell,-0.228303187625222,7.7008781325169e-05
NUTM2A-AS1,Monocyte,-0.25023205023205,1.409295870645e-05
NUTM2A-AS1,Natural killer cell,-0.201726379692481,0.000491448487059856
NUTM2A-AS1,Natural killer T cell,-0.191075667346854,0.000971560554275355
NUTM2A-AS1,Neutrophil,-0.243646265680164,2.38570230042642e-05
NUTM2A-AS1,Plasmacytoid dendritic cell,-0.0612612612612613,0.293301311690902
NUTM2A-AS1,Regulatory T cell,-0.23341569612756,5.25547310150161e-05
NUTM2A-AS1,T follicular helper cell,-0.221499465567262,0.000126403213559201
NUTM2A-AS1,Type 1 T helper cell,-0.214400070332274,0.000208724602817883
NUTM2A-AS1,Type 17 T helper cell,-0.209550382431738,0.000291363760688308
NUTM2A-AS1,Type 2 T helper cell,-0.231735587667791,5.96404142012539e-05
MIR181A2HG,Activated B cell,-0.127221887783894,0.0286370765267031
MIR181A2HG,Activated CD4 T cell,-0.125570004011731,0.0307879422096985
MIR181A2HG,Activated CD8 T cell,-0.286024831931268,5.58365264093262e-07
MIR181A2HG,Activated dendritic cell,-0.104331961082185,0.0730858432138542
MIR181A2HG,CD56bright natural killer cell,-0.182218512295911,0.00164313817859201
MIR181A2HG,CD56dim natural killer cell,-0.177909270399511,0.00212300054987127
MIR181A2HG,Central memory CD4 T cell,-0.21677897471232,0.000170855342675785
MIR181A2HG,Central memory CD8 T cell,-0.247682157202911,1.62806902116214e-05
MIR181A2HG,Effector memeory CD4 T cell,-0.294236128687793,2.5311625897036e-07
MIR181A2HG,Effector memeory CD8 T cell,-0.12329762272179,0.0339711466632834
MIR181A2HG,Eosinophil,-0.289995368247493,3.8205594874174e-07
MIR181A2HG,Gamma delta T cell,-0.237052261993419,3.78840161726054e-05
MIR181A2HG,Immature  B cell,-0.134907080381049,0.0202419641719667
MIR181A2HG,Immature dendritic cell,-0.18723524166784,0.00121066791587777
MIR181A2HG,Macrophage,-0.185400586441895,0.00135495441903289
MIR181A2HG,Mast cell,-0.236210587880936,4.04381158892555e-05
MIR181A2HG,MDSC,-0.172696813622646,0.00287265361098356
MIR181A2HG,Memory B cell,-0.225385427979048,9.16415895367373e-05
MIR181A2HG,Monocyte,-0.256570402407243,7.80057651545374e-06
MIR181A2HG,Natural killer cell,-0.17258113548734,0.00289172868546318
MIR181A2HG,Natural killer T cell,-0.217610469148896,0.000161045306189082
MIR181A2HG,Neutrophil,-0.241579904209276,2.65619356804902e-05
MIR181A2HG,Plasmacytoid dendritic cell,-0.115304263572181,0.0474802357971476
MIR181A2HG,Regulatory T cell,-0.216983956368081,0.000168386313171299
MIR181A2HG,T follicular helper cell,-0.243695888660284,2.24474108742248e-05
MIR181A2HG,Type 1 T helper cell,-0.238912829121672,3.27683022407796e-05
MIR181A2HG,Type 17 T helper cell,-0.252768756168564,1.07213298304994e-05
MIR181A2HG,Type 2 T helper cell,-0.165841264611901,0.00422299135235536
CCNT2-AS1,Activated B cell,-0.076632564768158,0.188467713818735
CCNT2-AS1,Activated CD4 T cell,-0.153310012632046,0.00829167747916063
CCNT2-AS1,Activated CD8 T cell,-0.235487259216073,4.49100560727658e-05
CCNT2-AS1,Activated dendritic cell,-0.185165905504889,0.00139725687818399
CCNT2-AS1,CD56bright natural killer cell,-0.16647186477695,0.0041184284223803
CCNT2-AS1,CD56dim natural killer cell,-0.0942748603765553,0.105484981665468
CCNT2-AS1,Central memory CD4 T cell,-0.169968581832989,0.00339094157698945
CCNT2-AS1,Central memory CD8 T cell,-0.265600577464984,3.90222981985501e-06
CCNT2-AS1,Effector memeory CD4 T cell,-0.20186796966458,0.000486902391327999
CCNT2-AS1,Effector memeory CD8 T cell,0.00347404415201025,0.952514439403715
CCNT2-AS1,Eosinophil,-0.227350000231356,8.26182254589981e-05
CCNT2-AS1,Gamma delta T cell,-0.233331945196352,5.28882553996624e-05
CCNT2-AS1,Immature  B cell,-0.143012349792011,0.0138481475013031
CCNT2-AS1,Immature dendritic cell,-0.158417894011114,0.00635738044904268
CCNT2-AS1,Macrophage,-0.177619530161903,0.00218870615416362
CCNT2-AS1,Mast cell,-0.190765187375357,0.000990544882538765
CCNT2-AS1,MDSC,-0.102326054868428,0.0788144529480151
CCNT2-AS1,Memory B cell,-0.212501098941777,0.00023805375707757
CCNT2-AS1,Monocyte,-0.217873651771957,0.000163628465463841
CCNT2-AS1,Natural killer cell,-0.182802833650291,0.00161102918937859
CCNT2-AS1,Natural killer T cell,-0.206102712882374,0.000367698941514875
CCNT2-AS1,Neutrophil,-0.317554842978572,2.78596702278788e-08
CCNT2-AS1,Plasmacytoid dendritic cell,-0.135771364584924,0.0195093111980842
CCNT2-AS1,Regulatory T cell,-0.281315213518603,9.66819334733934e-07
CCNT2-AS1,T follicular helper cell,-0.187496587496587,0.00121223074581092
CCNT2-AS1,Type 1 T helper cell,-0.204266207656038,0.000415597588032635
CCNT2-AS1,Type 17 T helper cell,-0.257839040889888,7.53748421112782e-06
CCNT2-AS1,Type 2 T helper cell,-0.214255241373885,0.00021083649884878
DLG3-AS1,Activated B cell,-0.155681260831051,0.00728582728797327
DLG3-AS1,Activated CD4 T cell,-0.216093820874629,0.000179356175145786
DLG3-AS1,Activated CD8 T cell,-0.27366852682241,1.75284867166959e-06
DLG3-AS1,Activated dendritic cell,-0.206608549211537,0.000345873914402517
DLG3-AS1,CD56bright natural killer cell,-0.243469650300627,2.28566598311292e-05
DLG3-AS1,CD56dim natural killer cell,-0.197629029142559,0.00062727284913554
DLG3-AS1,Central memory CD4 T cell,-0.123239123807648,0.0340566576938623
DLG3-AS1,Central memory CD8 T cell,-0.248241668772819,1.5556261539979e-05
DLG3-AS1,Effector memeory CD4 T cell,-0.259193296155719,6.24541915693509e-06
DLG3-AS1,Effector memeory CD8 T cell,-0.172885606687211,0.0028417673691268
DLG3-AS1,Eosinophil,-0.263577093596381,4.28387319298113e-06
DLG3-AS1,Gamma delta T cell,-0.317812358323004,2.26654263440831e-08
DLG3-AS1,Immature  B cell,-0.243413198613086,2.29598726372719e-05
DLG3-AS1,Immature dendritic cell,-0.337265517305786,2.62765962023061e-09
DLG3-AS1,Macrophage,-0.275836364167724,1.43984417704299e-06
DLG3-AS1,Mast cell,-0.268656820037545,2.74439179180034e-06
DLG3-AS1,MDSC,-0.206188400586234,0.000355845790374
DLG3-AS1,Memory B cell,-0.242813052393903,2.40847721449952e-05
DLG3-AS1,Monocyte,-0.271390562414517,2.15141704762711e-06
DLG3-AS1,Natural killer cell,-0.281588883671874,8.47329551263617e-07
DLG3-AS1,Natural killer T cell,-0.287895277520173,4.67307525348863e-07
DLG3-AS1,Neutrophil,-0.213351286841401,0.000217504074380678
DLG3-AS1,Plasmacytoid dendritic cell,-0.208219735900199,0.000309995018552381
DLG3-AS1,Regulatory T cell,-0.166865635745368,0.00399028142756361
DLG3-AS1,T follicular helper cell,-0.252218736431938,1.12215400901413e-05
DLG3-AS1,Type 1 T helper cell,-0.300868523123281,1.31164212540583e-07
DLG3-AS1,Type 17 T helper cell,-0.286721822769326,5.22604745485354e-07
DLG3-AS1,Type 2 T helper cell,-0.243426154738095,2.29361455107418e-05
LINC01134,Activated B cell,-0.1951799256884,0.000750210218977829
LINC01134,Activated CD4 T cell,-0.19768227395346,0.000639194219184428
LINC01134,Activated CD8 T cell,-0.218632037276105,0.000155081479111755
LINC01134,Activated dendritic cell,-0.147897203829407,0.0108982512594219
LINC01134,CD56bright natural killer cell,-0.290367717486362,4.16412375322268e-07
LINC01134,CD56dim natural killer cell,-0.157763618780568,0.00658017131085081
LINC01134,Central memory CD4 T cell,-0.112167020641597,0.0539273080389525
LINC01134,Central memory CD8 T cell,-0.205249471351166,0.000389274762310396
LINC01134,Effector memeory CD4 T cell,-0.209189004104258,0.000298609102206019
LINC01134,Effector memeory CD8 T cell,-0.0974893229130517,0.0940876268224877
LINC01134,Eosinophil,-0.214639292605394,0.00020527954849822
LINC01134,Gamma delta T cell,-0.272759199877844,2.08835059163424e-06
LINC01134,Immature  B cell,-0.276559456220473,1.48797298163362e-06
LINC01134,Immature dendritic cell,-0.253036086934392,1.1214725845008e-05
LINC01134,Macrophage,-0.334764502561113,4.36898781784931e-09
LINC01134,Mast cell,-0.264561325578275,4.26682054627706e-06
LINC01134,MDSC,-0.219459829629321,0.000146230917267172
LINC01134,Memory B cell,-0.21108566193312,0.000262373304250121
LINC01134,Monocyte,-0.294452541910169,2.82082876050469e-07
LINC01134,Natural killer cell,-0.308240443833664,7.25141315625349e-08
LINC01134,Natural killer T cell,-0.264550683194751,4.27071709779528e-06
LINC01134,Neutrophil,-0.247160103092306,1.80470590348823e-05
LINC01134,Plasmacytoid dendritic cell,-0.27896278404753,1.19781681833232e-06
LINC01134,Regulatory T cell,-0.185151098710421,0.00139851109976979
LINC01134,T follicular helper cell,-0.236675041759787,4.10137998403686e-05
LINC01134,Type 1 T helper cell,-0.294883327086717,2.70638533079648e-07
LINC01134,Type 17 T helper cell,-0.277831452407724,1.32691511044463e-06
LINC01134,Type 2 T helper cell,-0.194107821226465,0.000803023261712759
NIFK-AS1,Activated B cell,-0.201417287857966,0.000501509950125249
NIFK-AS1,Activated CD4 T cell,-0.311800089766191,5.04988926632473e-08
NIFK-AS1,Activated CD8 T cell,-0.255917396595363,8.84436129552853e-06
NIFK-AS1,Activated dendritic cell,-0.185427337969711,0.00137528149572624
NIFK-AS1,CD56bright natural killer cell,-0.382658004691903,1.30421378028926e-11
NIFK-AS1,CD56dim natural killer cell,-0.262255167339913,5.19543934431879e-06
NIFK-AS1,Central memory CD4 T cell,-0.166342305325356,0.00414790986545066
NIFK-AS1,Central memory CD8 T cell,-0.338614269122744,2.84200493384407e-09
NIFK-AS1,Effector memeory CD4 T cell,-0.288826885437055,4.81577639304358e-07
NIFK-AS1,Effector memeory CD8 T cell,-0.149693453083284,0.00996237702553838
NIFK-AS1,Eosinophil,-0.277130443232138,1.41348659430707e-06
NIFK-AS1,Gamma delta T cell,-0.340343425089188,2.3383723195174e-09
NIFK-AS1,Immature  B cell,-0.278011447502973,1.30551983665859e-06
NIFK-AS1,Immature dendritic cell,-0.324421031200692,1.34835448475645e-08
NIFK-AS1,Macrophage,-0.323613135477542,1.46989474096182e-08
NIFK-AS1,Mast cell,-0.254338159422905,1.00770910262957e-05
NIFK-AS1,MDSC,-0.270366977146638,2.57853760975069e-06
NIFK-AS1,Memory B cell,-0.300830568627179,1.51755975946337e-07
NIFK-AS1,Monocyte,-0.262964505337387,4.89103550945145e-06
NIFK-AS1,Natural killer cell,-0.388263301822624,6.08139412757099e-12
NIFK-AS1,Natural killer T cell,-0.329509478662021,7.78500248617944e-09
NIFK-AS1,Neutrophil,-0.350133029794047,7.57531262255708e-10
NIFK-AS1,Plasmacytoid dendritic cell,-0.271446947718134,2.34497749495139e-06
NIFK-AS1,Regulatory T cell,-0.160190544936308,0.00578735176674907
NIFK-AS1,T follicular helper cell,-0.299622889453398,1.70846859818527e-07
NIFK-AS1,Type 1 T helper cell,-0.350091385684606,7.61236124225459e-10
NIFK-AS1,Type 17 T helper cell,-0.409585085856272,2.37733175375552e-13
NIFK-AS1,Type 2 T helper cell,-0.259383111925485,6.62283321496967e-06
RP11-443B7.1,Activated B cell,-0.205683495514004,0.000378156543645889
RP11-443B7.1,Activated CD4 T cell,-0.422462369919997,1.29073652310536e-14
RP11-443B7.1,Activated CD8 T cell,-0.307652799178223,7.69434898870985e-08
RP11-443B7.1,Activated dendritic cell,-0.22289546865818,0.000114318886850791
RP11-443B7.1,CD56bright natural killer cell,-0.433375902867428,0
RP11-443B7.1,CD56dim natural killer cell,-0.291133969100071,3.87247294684797e-07
RP11-443B7.1,Central memory CD4 T cell,-0.207022584988687,0.000345688911639403
RP11-443B7.1,Central memory CD8 T cell,-0.205791307486223,0.000375440983239433
RP11-443B7.1,Effector memeory CD4 T cell,-0.212146661299204,0.0002439376547308
RP11-443B7.1,Effector memeory CD8 T cell,-0.234915346779754,4.69084154460626e-05
RP11-443B7.1,Eosinophil,-0.251915860390437,1.22902276442687e-05
RP11-443B7.1,Gamma delta T cell,-0.371462679937256,5.61800123874685e-11
RP11-443B7.1,Immature  B cell,-0.250793320284846,1.34658300404681e-05
RP11-443B7.1,Immature dendritic cell,-0.279465289634781,1.14441742116354e-06
RP11-443B7.1,Macrophage,-0.341810223166155,1.97992516463047e-09
RP11-443B7.1,Mast cell,-0.272739303247778,2.09203286532927e-06
RP11-443B7.1,MDSC,-0.290774904334226,4.00660855270856e-07
RP11-443B7.1,Memory B cell,-0.326312599193955,1.10059238974966e-08
RP11-443B7.1,Monocyte,-0.345770115261641,1.25797085625538e-09
RP11-443B7.1,Natural killer cell,-0.363923245279177,1.44411871422251e-10
RP11-443B7.1,Natural killer T cell,-0.293164350791469,3.19149642671623e-07
RP11-443B7.1,Neutrophil,-0.23590046132419,4.35165936972058e-05
RP11-443B7.1,Plasmacytoid dendritic cell,-0.329687160195635,7.63574902496549e-09
RP11-443B7.1,Regulatory T cell,-0.120109015024269,0.0389587426541558
RP11-443B7.1,T follicular helper cell,-0.296257119985934,2.37048709890705e-07
RP11-443B7.1,Type 1 T helper cell,-0.390097956199651,4.71119692943021e-12
RP11-443B7.1,Type 17 T helper cell,-0.322266642605626,1.69636592914708e-08
RP11-443B7.1,Type 2 T helper cell,-0.309309772021636,6.50770028165648e-08
LSAMP-AS1,Activated B cell,-0.164055017866484,0.00465823748520556
LSAMP-AS1,Activated CD4 T cell,-0.302194383108212,1.14782837188629e-07
LSAMP-AS1,Activated CD8 T cell,-0.300868478939457,1.31164794213392e-07
LSAMP-AS1,Activated dendritic cell,-0.303446548640089,1.01132997195815e-07
LSAMP-AS1,CD56bright natural killer cell,-0.243763237975682,2.23269272755041e-05
LSAMP-AS1,CD56dim natural killer cell,-0.285848521502082,5.67776531879548e-07
LSAMP-AS1,Central memory CD4 T cell,-0.0840087130636791,0.149365909660198
LSAMP-AS1,Central memory CD8 T cell,-0.167538820635174,0.00384372543068166
LSAMP-AS1,Effector memeory CD4 T cell,-0.198631018321714,0.000587697809383658
LSAMP-AS1,Effector memeory CD8 T cell,-0.242802316871219,2.41053616675428e-05
LSAMP-AS1,Eosinophil,-0.113666949333713,0.0507412324377671
LSAMP-AS1,Gamma delta T cell,-0.285823014426432,5.69150606919788e-07
LSAMP-AS1,Immature  B cell,-0.181943361901882,0.00167052361617905
LSAMP-AS1,Immature dendritic cell,-0.277823995502795,1.2004449020936e-06
LSAMP-AS1,Macrophage,-0.32452420466168,1.09625981791464e-08
LSAMP-AS1,Mast cell,-0.175183986854803,0.00248920546732933
LSAMP-AS1,MDSC,-0.294482434726882,2.47084468484193e-07
LSAMP-AS1,Memory B cell,-0.132528272363882,0.0225766703314748
LSAMP-AS1,Monocyte,-0.304125964382385,9.43953349084124e-08
LSAMP-AS1,Natural killer cell,-0.220079222587738,0.000134935848696501
LSAMP-AS1,Natural killer T cell,-0.243231763272152,2.32945941855274e-05
LSAMP-AS1,Neutrophil,-0.207790377304891,0.000319201346256542
LSAMP-AS1,Plasmacytoid dendritic cell,-0.261103875532137,5.30353202114857e-06
LSAMP-AS1,Regulatory T cell,-0.131416627630581,0.0237452691764967
LSAMP-AS1,T follicular helper cell,-0.300714045190525,1.33213130971049e-07
LSAMP-AS1,Type 1 T helper cell,-0.304933379267941,8.69496478421468e-08
LSAMP-AS1,Type 17 T helper cell,-0.30497187176392,8.66091949424614e-08
LSAMP-AS1,Type 2 T helper cell,-0.186210463775513,0.00128941932916427
HMGN3-AS1,Activated B cell,-0.119776324861071,0.0395065008294071
HMGN3-AS1,Activated CD4 T cell,-0.178490354761541,0.00208003597715979
HMGN3-AS1,Activated CD8 T cell,-0.304358750121462,1.07029963312067e-07
HMGN3-AS1,Activated dendritic cell,-0.219128064890777,0.000149719611938414
HMGN3-AS1,CD56bright natural killer cell,-0.247795869829768,1.71509605966542e-05
HMGN3-AS1,CD56dim natural killer cell,-0.1625142862431,0.00510976073435267
HMGN3-AS1,Central memory CD4 T cell,-0.229964324879579,6.80808537659433e-05
HMGN3-AS1,Central memory CD8 T cell,-0.305822771924467,9.2472298088882e-08
HMGN3-AS1,Effector memeory CD4 T cell,-0.17882628391103,0.00203944990930198
HMGN3-AS1,Effector memeory CD8 T cell,-0.224812485829435,9.94843710104095e-05
HMGN3-AS1,Eosinophil,-0.17469194926822,0.00259313741532344
HMGN3-AS1,Gamma delta T cell,-0.238536533451788,3.55437926690002e-05
HMGN3-AS1,Immature  B cell,-0.167234877404369,0.00394861353559655
HMGN3-AS1,Immature dendritic cell,-0.22754850381969,8.14192493005375e-05
HMGN3-AS1,Macrophage,-0.15873346381821,0.00625236081516268
HMGN3-AS1,Mast cell,-0.26645890883179,3.62372613984671e-06
HMGN3-AS1,MDSC,-0.252038016444796,1.21683521008491e-05
HMGN3-AS1,Memory B cell,-0.218537181249046,0.000156127126074762
HMGN3-AS1,Monocyte,-0.167779952525715,0.00383120853189961
HMGN3-AS1,Natural killer cell,-0.263919080868233,4.50814867476741e-06
HMGN3-AS1,Natural killer T cell,-0.325458432238093,1.20647200200529e-08
HMGN3-AS1,Neutrophil,-0.237439905236515,3.86763469814905e-05
HMGN3-AS1,Plasmacytoid dendritic cell,-0.156559178593077,0.00700865920672528
HMGN3-AS1,Regulatory T cell,-0.149232591605473,0.0101954302361338
HMGN3-AS1,T follicular helper cell,-0.258998597981649,6.84017160699081e-06
HMGN3-AS1,Type 1 T helper cell,-0.306578381154652,8.57254843483082e-08
HMGN3-AS1,Type 17 T helper cell,-0.280372205795935,1.05376399636509e-06
HMGN3-AS1,Type 2 T helper cell,-0.224905953719513,9.8809527961685e-05
LPP-AS2,Activated B cell,-0.0800020359342393,0.169724744891898
LPP-AS2,Activated CD4 T cell,-0.2575304117677,7.73419068826421e-06
LPP-AS2,Activated CD8 T cell,-0.264243442209544,4.3846842378603e-06
LPP-AS2,Activated dendritic cell,-0.229478014223777,7.05881078596374e-05
LPP-AS2,CD56bright natural killer cell,-0.342508918780105,1.82849604504842e-09
LPP-AS2,CD56dim natural killer cell,-0.252720979839624,1.15078461367352e-05
LPP-AS2,Central memory CD4 T cell,-0.261774871944363,5.41172068758712e-06
LPP-AS2,Central memory CD8 T cell,-0.304380497600837,1.06798377637478e-07
LPP-AS2,Effector memeory CD4 T cell,-0.116253233202386,0.0457173865267076
LPP-AS2,Effector memeory CD8 T cell,-0.276439151015422,1.50413945892019e-06
LPP-AS2,Eosinophil,-0.190556041403499,0.0010035253391225
LPP-AS2,Gamma delta T cell,-0.291198748825867,3.84873728492831e-07
LPP-AS2,Immature  B cell,-0.133931157659971,0.0212352176885582
LPP-AS2,Immature dendritic cell,-0.299008870195311,1.81419816508617e-07
LPP-AS2,Macrophage,-0.101569520213588,0.0810613964419922
LPP-AS2,Mast cell,-0.196164114808183,0.000704574889051295
LPP-AS2,MDSC,-0.25543756391214,9.20285430471464e-06
LPP-AS2,Memory B cell,-0.233155189087392,5.3598725831934e-05
LPP-AS2,Monocyte,-0.195279408838731,0.000745476106031416
LPP-AS2,Natural killer cell,-0.275317999046813,1.66310756010439e-06
LPP-AS2,Natural killer T cell,-0.309587862130235,6.3266877697562e-08
LPP-AS2,Neutrophil,-0.277305348491789,1.39139359190821e-06
LPP-AS2,Plasmacytoid dendritic cell,-0.180748390917882,0.00182082176855777
LPP-AS2,Regulatory T cell,-0.0436166520912284,0.454485326098542
LPP-AS2,T follicular helper cell,-0.257984332560604,7.44653990741106e-06
LPP-AS2,Type 1 T helper cell,-0.268962645233832,2.91565352575164e-06
LPP-AS2,Type 17 T helper cell,-0.305416973213583,9.63040402934708e-08
LPP-AS2,Type 2 T helper cell,-0.298777976744078,1.85556339923559e-07
RP11-710C12.1,Activated B cell,0.109414589020599,0.060091295545286
RP11-710C12.1,Activated CD4 T cell,-0.1081881698557,0.0630379531792687
RP11-710C12.1,Activated CD8 T cell,-0.144954370196974,0.0125412826126251
RP11-710C12.1,Activated dendritic cell,-0.0869290808831658,0.135677606944695
RP11-710C12.1,CD56bright natural killer cell,-0.229704538479684,6.64283343919361e-05
RP11-710C12.1,CD56dim natural killer cell,-0.227458995296415,7.85847631032999e-05
RP11-710C12.1,Central memory CD4 T cell,-0.167509516547695,0.00385000239442324
RP11-710C12.1,Central memory CD8 T cell,-0.214494025746938,0.000200769910120787
RP11-710C12.1,Effector memeory CD4 T cell,0.0470562296182429,0.419892713230226
RP11-710C12.1,Effector memeory CD8 T cell,-0.0892553673768575,0.125480628185084
RP11-710C12.1,Eosinophil,-0.131244202358469,0.0239311272745045
RP11-710C12.1,Gamma delta T cell,-0.23867236712896,3.33906461911648e-05
RP11-710C12.1,Immature  B cell,0.0980839195995601,0.0920999079461383
RP11-710C12.1,Immature dendritic cell,-0.197451403343029,0.000634540705253694
RP11-710C12.1,Macrophage,-0.00344396824913918,0.952950724858908
RP11-710C12.1,Mast cell,-0.114212916407886,0.0496337006374946
RP11-710C12.1,MDSC,-0.0345916835084336,0.553316934577874
RP11-710C12.1,Memory B cell,-0.203017139213615,0.000440198970234036
RP11-710C12.1,Monocyte,-0.123185372180969,0.0341353906620956
RP11-710C12.1,Natural killer cell,-0.0924640463804388,0.112403270079106
RP11-710C12.1,Natural killer T cell,-0.157523720661,0.00661461797785412
RP11-710C12.1,Neutrophil,-0.21247197264352,0.000231258133649807
RP11-710C12.1,Plasmacytoid dendritic cell,-0.111056523903317,0.0563250949023545
RP11-710C12.1,Regulatory T cell,-0.00659550227371084,0.910034985374715
RP11-710C12.1,T follicular helper cell,-0.119333060255911,0.0401955594171919
RP11-710C12.1,Type 1 T helper cell,-0.0877263343150168,0.132113572750654
RP11-710C12.1,Type 17 T helper cell,-0.283165170158431,7.31215482681432e-07
RP11-710C12.1,Type 2 T helper cell,-0.151943640706614,0.00883701890747581
RP11-155O18.6,Activated B cell,-0.114205268117788,0.0496490752632135
RP11-155O18.6,Activated CD4 T cell,-0.0877308437774155,0.132093620953425
RP11-155O18.6,Activated CD8 T cell,-0.206296267806789,0.000353260439300112
RP11-155O18.6,Activated dendritic cell,-0.14332965668459,0.0135771739878519
RP11-155O18.6,CD56bright natural killer cell,-0.346790180513436,8.65020726818203e-10
RP11-155O18.6,CD56dim natural killer cell,-0.226869929304914,8.21040580694373e-05
RP11-155O18.6,Central memory CD4 T cell,-0.216116682641718,0.000179066256320658
RP11-155O18.6,Central memory CD8 T cell,-0.251324606159976,1.20823000426535e-05
RP11-155O18.6,Effector memeory CD4 T cell,-0.179206202222613,0.00196660857518793
RP11-155O18.6,Effector memeory CD8 T cell,-0.202503630862152,0.000455489922534455
RP11-155O18.6,Eosinophil,-0.143464537874044,0.0134884003802837
RP11-155O18.6,Gamma delta T cell,-0.285378520462115,5.93613925955141e-07
RP11-155O18.6,Immature  B cell,-0.110472321305019,0.0576420657376016
RP11-155O18.6,Immature dendritic cell,-0.252149394222419,1.12861537348445e-05
RP11-155O18.6,Macrophage,-0.243538514307673,2.27313478542415e-05
RP11-155O18.6,Mast cell,-0.258764587790283,6.47763045947356e-06
RP11-155O18.6,MDSC,-0.182094001548115,0.00165547928921926
RP11-155O18.6,Memory B cell,-0.22280868676687,0.000110711094615151
RP11-155O18.6,Monocyte,-0.211322500810036,0.000250464152166664
RP11-155O18.6,Natural killer cell,-0.196671581078683,0.000667379933276501
RP11-155O18.6,Natural killer T cell,-0.29939343952484,1.52032030401009e-07
RP11-155O18.6,Neutrophil,-0.252555888647584,1.09123543039719e-05
RP11-155O18.6,Plasmacytoid dendritic cell,-0.212348569549709,0.000233252112502498
RP11-155O18.6,Regulatory T cell,-0.13904422911639,0.0166782791444152
RP11-155O18.6,T follicular helper cell,-0.232754728507242,5.2729579708139e-05
RP11-155O18.6,Type 1 T helper cell,-0.211549230768295,0.000246561819648601
RP11-155O18.6,Type 17 T helper cell,-0.312924359533812,3.80416880969268e-08
RP11-155O18.6,Type 2 T helper cell,-0.24754122349935,1.64681450188879e-05
CASC15,Activated B cell,-0.0882660780965866,0.12968929925122
CASC15,Activated CD4 T cell,-0.214653636687535,0.000205074678497584
CASC15,Activated CD8 T cell,-0.24571875419333,2.02459206464249e-05
CASC15,Activated dendritic cell,-0.187160195634772,0.00123746515113927
CASC15,CD56bright natural killer cell,-0.300053211917619,1.63793318590829e-07
CASC15,CD56dim natural killer cell,-0.199288811153218,0.000576161451254504
CASC15,Central memory CD4 T cell,-0.206527020086342,0.000357389098166748
CASC15,Central memory CD8 T cell,-0.172814725357098,0.0028871253942621
CASC15,Effector memeory CD4 T cell,-0.116932032186269,0.0444607671276686
CASC15,Effector memeory CD8 T cell,-0.176444703563348,0.0023435289987232
CASC15,Eosinophil,-0.164944914097456,0.00447822776115887
CASC15,Gamma delta T cell,-0.263890392703952,4.51922673681945e-06
CASC15,Immature  B cell,-0.106413655566198,0.067532102571533
CASC15,Immature dendritic cell,-0.254636608873897,9.8322571822734e-06
CASC15,Macrophage,-0.126347765330816,0.0298174979744696
CASC15,Mast cell,-0.153672316384181,0.00813891783439774
CASC15,MDSC,-0.13197666079022,0.0232118976431325
CASC15,Memory B cell,-0.29066986863597,4.04668334857279e-07
CASC15,Monocyte,-0.196783223901868,0.000677198864696639
CASC15,Natural killer cell,-0.21553787994466,0.000192808456396569
CASC15,Natural killer T cell,-0.276380849262205,1.51203435391276e-06
CASC15,Neutrophil,-0.240668711855152,3.01272965679217e-05
CASC15,Plasmacytoid dendritic cell,-0.123632569395281,0.0335414328462194
CASC15,Regulatory T cell,-0.0261996973861381,0.653302387979626
CASC15,T follicular helper cell,-0.233297241771818,5.30270406324097e-05
CASC15,Type 1 T helper cell,-0.218590393166664,0.00015553973257477
CASC15,Type 17 T helper cell,-0.238285280658162,3.62395623032202e-05
CASC15,Type 2 T helper cell,-0.195074889990144,0.000755238729585642
RP11-449P15.2,Activated B cell,-0.282419707843437,8.73722359564371e-07
RP11-449P15.2,Activated CD4 T cell,-0.273185820643448,2.01087141134909e-06
RP11-449P15.2,Activated CD8 T cell,-0.377485343587039,2.58534334675621e-11
RP11-449P15.2,Activated dendritic cell,-0.355133099200896,4.1943018086547e-10
RP11-449P15.2,CD56bright natural killer cell,-0.336763419814267,3.4972554240381e-09
RP11-449P15.2,CD56dim natural killer cell,-0.240296228431822,3.10134481386062e-05
RP11-449P15.2,Central memory CD4 T cell,-0.231480633175548,6.07913434888416e-05
RP11-449P15.2,Central memory CD8 T cell,-0.302340861662896,1.30758841386088e-07
RP11-449P15.2,Effector memeory CD4 T cell,-0.317939819634735,2.67612694944417e-08
RP11-449P15.2,Effector memeory CD8 T cell,-0.330118870796837,7.28455607950557e-09
RP11-449P15.2,Eosinophil,-0.274716010309231,1.75497564580554e-06
RP11-449P15.2,Gamma delta T cell,-0.298062623486352,1.98956508447912e-07
RP11-449P15.2,Immature  B cell,-0.276091191345429,1.55185006209767e-06
RP11-449P15.2,Immature dendritic cell,-0.293571074927007,3.06967911582809e-07
RP11-449P15.2,Macrophage,-0.285407441339645,6.62990202890514e-07
RP11-449P15.2,Mast cell,-0.283319220607356,8.04316284742874e-07
RP11-449P15.2,MDSC,-0.329203625813795,8.04855783158565e-09
RP11-449P15.2,Memory B cell,-0.27708509742408,1.4192690198943e-06
RP11-449P15.2,Monocyte,-0.209731765663969,0.000287789316555993
RP11-449P15.2,Natural killer cell,-0.354411730682917,4.5707744674038e-10
RP11-449P15.2,Natural killer T cell,-0.442550562889546,0
RP11-449P15.2,Neutrophil,-0.305770485431502,9.29576344642947e-08
RP11-449P15.2,Plasmacytoid dendritic cell,-0.272383477468223,2.15894378550006e-06
RP11-449P15.2,Regulatory T cell,-0.207512134630779,0.000334481983315754
RP11-449P15.2,T follicular helper cell,-0.387980584590754,6.32375600195438e-12
RP11-449P15.2,Type 1 T helper cell,-0.351501732857665,6.45036235146155e-10
RP11-449P15.2,Type 17 T helper cell,-0.280240795495033,1.0664592942809e-06
RP11-449P15.2,Type 2 T helper cell,-0.359842585266314,2.37947571004333e-10
FLJ16779,Activated B cell,-0.0826439174473613,0.156111726387169
FLJ16779,Activated CD4 T cell,-0.178789710401175,0.00201564552625143
FLJ16779,Activated CD8 T cell,-0.13712622493895,0.0182558758229052
FLJ16779,Activated dendritic cell,-0.0895105485402025,0.124399242240054
FLJ16779,CD56bright natural killer cell,-0.180833780325496,0.0017852508039897
FLJ16779,CD56dim natural killer cell,-0.131730750352656,0.0234098755759585
FLJ16779,Central memory CD4 T cell,-0.052559484187184,0.367554083686031
FLJ16779,Central memory CD8 T cell,-0.0562806447625672,0.334566425641524
FLJ16779,Effector memeory CD4 T cell,0.0350837738516293,0.547683325501964
FLJ16779,Effector memeory CD8 T cell,-0.185848392437777,0.00131834969738562
FLJ16779,Eosinophil,0.0110607460405713,0.849703396011588
FLJ16779,Gamma delta T cell,-0.0979274703838873,0.0926224758472967
FLJ16779,Immature  B cell,-0.0873942859719613,0.133589089416854
FLJ16779,Immature dendritic cell,-0.113886672423766,0.0502930571460282
FLJ16779,Macrophage,0.0135402856952042,0.81655289864826
FLJ16779,Mast cell,0.0162137273870322,0.781173970500354
FLJ16779,MDSC,-0.0980926804728578,0.092070714897923
FLJ16779,Memory B cell,-0.149937642594578,0.00978518242709184
FLJ16779,Monocyte,-0.0706081079405132,0.22583409094439
FLJ16779,Natural killer cell,-0.0274845725323446,0.637675961502355
FLJ16779,Natural killer T cell,-0.117804511676495,0.0428399570315739
FLJ16779,Neutrophil,-0.146905088776585,0.0113900038985205
FLJ16779,Plasmacytoid dendritic cell,0.0187862844867157,0.747549442111874
FLJ16779,Regulatory T cell,-0.076669976162991,0.188363464005684
FLJ16779,T follicular helper cell,-0.0811996017956052,0.163498374903784
FLJ16779,Type 1 T helper cell,-0.0550806734440784,0.344990228854051
FLJ16779,Type 17 T helper cell,-0.126349621740474,0.0297562154536274
FLJ16779,Type 2 T helper cell,-0.208192941277698,0.000310562235482219
